,CENTRAL,EASTERN
12 a.m. central to eastern,12 a.m. (midnight),1 a.m.
1 a.m. central to eastern,1 a.m.,2 a.m.
2 a.m. central to eastern,2 a.m.,3 a.m.
3 a.m. central to eastern,3 a.m.,4 a.m.
4 a.m. central to eastern,4 a.m.,5 a.m.
5 a.m. central to eastern,5 a.m.,6 a.m.
6 a.m. central to eastern,6 a.m.,7 a.m.
7 a.m. central to eastern,7 a.m.,8 a.m.
8 a.m. central to eastern,8 a.m.,9 a.m.
9 a.m. central to eastern,9 a.m.,10 a.m.
10 a.m. central to eastern,10 a.m.,11 a.m.
11 a.m. central to eastern,11 a.m.,12 p.m. (noon)
12 p.m. central to eastern,12 p.m. (noon),1 p.m.
1 p.m. central to eastern,1 p.m.,2 p.m.
2 p.m. central to eastern,2 p.m.,3 p.m.
3 p.m. central to eastern,3 p.m.,4 p.m.
4 p.m. central to eastern,4 p.m.,5 p.m.
5 p.m. central to eastern,5 p.m.,6 p.m.
6 p.m. central to eastern,6 p.m.,7 p.m.
7 p.m. central to eastern,7 p.m.,8 p.m.
8 p.m. central to eastern,8 p.m.,9 p.m.
9 p.m. central to eastern,9 p.m.,10 p.m.
10 p.m. central to eastern,10 p.m.,11 p.m.
11 p.m. central to eastern,11 p.m.,12 a.m. (midnight)
12 a.m. central to eastern,12 a.m. (midnight),1 a.m.
,,
,,
,,
ScottonTechnology.com,,
CC BY 3.0,,
https://scottontechnology.com/time/central-to-eastern/,,
