,EASTERN,ALASKA
12 a.m. eastern to alaska,12 a.m. (midnight),8 p.m. (previous day)
1 a.m. eastern to alaska,1 a.m.,9 p.m. (previous day)
2 a.m. eastern to alaska,2 a.m.,10 p.m. (previous day)
3 a.m. eastern to alaska,3 a.m.,11 p.m. (previous day)
4 a.m. eastern to alaska,4 a.m.,12 a.m. (midnight)
5 a.m. eastern to alaska,5 a.m.,1 a.m.
6 a.m. eastern to alaska,6 a.m.,2 a.m.
7 a.m. eastern to alaska,7 a.m.,3 a.m.
8 a.m. eastern to alaska,8 a.m.,4 a.m.
9 a.m. eastern to alaska,9 a.m.,5 a.m.
10 a.m. eastern to alaska,10 a.m.,6 a.m.
11 a.m. eastern to alaska,11 a.m.,7 a.m.
12 p.m. eastern to alaska,12 p.m. (noon),8 a.m.
1 p.m. eastern to alaska,1 p.m.,9 a.m.
2 p.m. eastern to alaska,2 p.m.,10 a.m.
3 p.m. eastern to alaska,3 p.m.,11 a.m.
4 p.m. eastern to alaska,4 p.m.,12 p.m. (noon)
5 p.m. eastern to alaska,5 p.m.,1 p.m.
6 p.m. eastern to alaska,6 p.m.,2 p.m.
7 p.m. eastern to alaska,7 p.m.,3 p.m.
8 p.m. eastern to alaska,8 p.m.,4 p.m.
9 p.m. eastern to alaska,9 p.m.,5 p.m.
10 p.m. eastern to alaska,10 p.m.,6 p.m.
11 p.m. eastern to alaska,11 p.m.,7 p.m.
12 a.m. eastern to alaska,12 a.m. (midnight),8 p.m. (previous day)
,,
,,
,,
ScottonTechnology.com,,
CC BY 3.0,,
https://scottontechnology.com/time/eastern-to-alaska/,,
