,MOUNTAIN,CENTRAL
12 a.m. mountain to central,12 a.m. (midnight),1 a.m.
1 a.m. mountain to central,1 a.m.,2 a.m.
2 a.m. mountain to central,2 a.m.,3 a.m.
3 a.m. mountain to central,3 a.m.,4 a.m.
4 a.m. mountain to central,4 a.m.,5 a.m.
5 a.m. mountain to central,5 a.m.,6 a.m.
6 a.m. mountain to central,6 a.m.,7 a.m.
7 a.m. mountain to central,7 a.m.,8 a.m.
8 a.m. mountain to central,8 a.m.,9 a.m.
9 a.m. mountain to central,9 a.m.,10 a.m.
10 a.m. mountain to central,10 a.m.,11 a.m.
11 a.m. mountain to central,11 a.m.,12 p.m. (noon)
12 p.m. mountain to central,12 p.m. (noon),1 p.m.
1 p.m. mountain to central,1 p.m.,2 p.m.
2 p.m. mountain to central,2 p.m.,3 p.m.
3 p.m. mountain to central,3 p.m.,4 p.m.
4 p.m. mountain to central,4 p.m.,5 p.m.
5 p.m. mountain to central,5 p.m.,6 p.m.
6 p.m. mountain to central,6 p.m.,7 p.m.
7 p.m. mountain to central,7 p.m.,8 p.m.
8 p.m. mountain to central,8 p.m.,9 p.m.
9 p.m. mountain to central,9 p.m.,10 p.m.
10 p.m. mountain to central,10 p.m.,11 p.m.
11 p.m. mountain to central,11 p.m.,"12 a.m. (midnight, next day)"
12 a.m. mountain to central,12 a.m. (midnight),1 a.m.
,,
,,
,,
ScottonTechnology.com,,
CC BY 3.0,,
https://scottontechnology.com/time/mountain-to-central/,,
