,MOUNTAIN,ALASKA
12 a.m. mountain to alaska,12 a.m. (midnight),10 p.m. (previous day)
1 a.m. mountain to alaska,1 a.m.,11 p.m. (previous day)
2 a.m. mountain to alaska,2 a.m.,12 a.m. (midnight)
3 a.m. mountain to alaska,3 a.m.,1 a.m.
4 a.m. mountain to alaska,4 a.m.,2 a.m.
5 a.m. mountain to alaska,5 a.m.,3 a.m.
6 a.m. mountain to alaska,6 a.m.,4 a.m.
7 a.m. mountain to alaska,7 a.m.,5 a.m.
8 a.m. mountain to alaska,8 a.m.,6 a.m.
9 a.m. mountain to alaska,9 a.m.,7 a.m.
10 a.m. mountain to alaska,10 a.m.,8 a.m.
11 a.m. mountain to alaska,11 a.m.,9 a.m.
12 p.m. mountain to alaska,12 p.m. (noon),10 a.m.
1 p.m. mountain to alaska,1 p.m.,11 a.m.
2 p.m. mountain to alaska,2 p.m.,12 p.m. (noon)
3 p.m. mountain to alaska,3 p.m.,1 p.m.
4 p.m. mountain to alaska,4 p.m.,2 p.m.
5 p.m. mountain to alaska,5 p.m.,3 p.m.
6 p.m. mountain to alaska,6 p.m.,4 p.m.
7 p.m. mountain to alaska,7 p.m.,5 p.m.
8 p.m. mountain to alaska,8 p.m.,6 p.m.
9 p.m. mountain to alaska,9 p.m.,7 p.m.
10 p.m. mountain to alaska,10 p.m.,8 p.m.
11 p.m. mountain to alaska,11 p.m.,9 p.m.
12 a.m. mountain to alaska,12 a.m. (midnight),10 p.m. (previous day)
,,
,,
,,
ScottonTechnology.com,,
CC BY 3.0,,
https://scottontechnology.com/time/mountain-to-alaska/,,
