,PACIFIC,EASTERN
12 a.m. pacific to eastern,12 a.m. (midnight),3 a.m.
1 a.m. pacific to eastern,1 a.m.,4 a.m.
2 a.m. pacific to eastern,2 a.m.,5 a.m.
3 a.m. pacific to eastern,3 a.m.,6 a.m.
4 a.m. pacific to eastern,4 a.m.,7 a.m.
5 a.m. pacific to eastern,5 a.m.,8 a.m.
6 a.m. pacific to eastern,6 a.m.,9 a.m.
7 a.m. pacific to eastern,7 a.m.,10 a.m.
8 a.m. pacific to eastern,8 a.m.,11 a.m.
9 a.m. pacific to eastern,9 a.m.,12 p.m. (noon)
10 a.m. pacific to eastern,10 a.m.,1 p.m.
11 a.m. pacific to eastern,11 a.m.,2 p.m.
12 p.m. pacific to eastern,12 p.m. (noon),3 p.m.
1 p.m. pacific to eastern,1 p.m.,4 p.m.
2 p.m. pacific to eastern,2 p.m.,5 p.m.
3 p.m. pacific to eastern,3 p.m.,6 p.m.
4 p.m. pacific to eastern,4 p.m.,7 p.m.
5 p.m. pacific to eastern,5 p.m.,8 p.m.
6 p.m. pacific to eastern,6 p.m.,9 p.m.
7 p.m. pacific to eastern,7 p.m.,10 p.m.
8 p.m. pacific to eastern,8 p.m.,11 p.m.
9 p.m. pacific to eastern,9 p.m.,"12 a.m. (midnight, next day)"
10 p.m. pacific to eastern,10 p.m.,1 a.m. (next day)
11 p.m. pacific to eastern,11 p.m.,2 a.m. (next day)
12 a.m. pacific to eastern,12 a.m. (midnight),3 a.m.
,,
,,
,,
ScottonTechnology.com,,
CC BY 3.0,,
https://scottontechnology.com/time/pacific-to-eastern/,,
