,PACIFIC,MOUNTAIN
12 a.m. pacific to mountain,12 a.m. (midnight),1 a.m.
1 a.m. pacific to mountain,1 a.m.,2 a.m.
2 a.m. pacific to mountain,2 a.m.,3 a.m.
3 a.m. pacific to mountain,3 a.m.,4 a.m.
4 a.m. pacific to mountain,4 a.m.,5 a.m.
5 a.m. pacific to mountain,5 a.m.,6 a.m.
6 a.m. pacific to mountain,6 a.m.,7 a.m.
7 a.m. pacific to mountain,7 a.m.,8 a.m.
8 a.m. pacific to mountain,8 a.m.,9 a.m.
9 a.m. pacific to mountain,9 a.m.,10 a.m.
10 a.m. pacific to mountain,10 a.m.,11 a.m.
11 a.m. pacific to mountain,11 a.m.,12 p.m. (noon)
12 p.m. pacific to mountain,12 p.m. (noon),1 p.m.
1 p.m. pacific to mountain,1 p.m.,2 p.m.
2 p.m. pacific to mountain,2 p.m.,3 p.m.
3 p.m. pacific to mountain,3 p.m.,4 p.m.
4 p.m. pacific to mountain,4 p.m.,5 p.m.
5 p.m. pacific to mountain,5 p.m.,6 p.m.
6 p.m. pacific to mountain,6 p.m.,7 p.m.
7 p.m. pacific to mountain,7 p.m.,8 p.m.
8 p.m. pacific to mountain,8 p.m.,9 p.m.
9 p.m. pacific to mountain,9 p.m.,10 p.m.
10 p.m. pacific to mountain,10 p.m.,11 p.m.
11 p.m. pacific to mountain,11 p.m.,"12 a.m. (midnight, next day)"
12 a.m. pacific to mountain,12 a.m. (midnight),1 a.m.
,,
,,
,,
ScottonTechnology.com,,
CC BY 3.0,,
https://scottontechnology.com/time/pacific-to-mountain/,,
